Comment,Designator,Footprint,LCSC,Quantity
L_Small,L2,L_Axial_L5.3mm_D2.2mm_P2.54mm_Vertical_Vishay_IM-1,C1035,1
1u,"C21,C22,C23,C24",C_Axial_L3.8mm_D2.6mm_P7.50mm_Horizontal,C15849,4
TP4056-42-ESOP8,U40,SOIC-8-1EP_3.9x4.9mm_P1.27mm_EP2.41x3.3mm_ThermalVias,C16581,1
10u,"C18,C20",C_Axial_L3.8mm_D2.6mm_P7.50mm_Horizontal,C19702,2
1k,"R10,R11,R9",R_0603_1608Metric,C21190,3
15k,R6,R_0603_1608Metric,C22809,1
LED_Small,D2,LED_D1.8mm_W1.8mm_H2.4mm_Horizontal_O1.27mm_Z1.6mm,C2290,1
2k,"R12,R7",R_0603_1608Metric,C22975,2
2.2u,"C12,C13",C_Axial_L3.8mm_D2.6mm_P7.50mm_Horizontal,C23630,2
110k,R5,R_0603_1608Metric,C25803,1
10k,R13,R_0603_1608Metric,C25804,1
USB_C_Receptacle_PowerOnly_6P,J5,USB_C_Receptacle_GCT_USB4125-xx-x_6P_TopMnt_Horizontal,C2858272,1
3k,R8,R_0603_1608Metric,C4211,1
AP2112K-3.3,U13,SO-8_AP2112M,C51118,1
DRV8833PWR,"U10,U11",TSSOP-16_4.4x5mm_P0.65mm,C544801,2
0.01u,"C10,C11,C14,C15",C_Axial_L3.8mm_D2.6mm_P7.50mm_Horizontal,C57112,4
22u,"C16,C17,C19",C_Axial_L3.8mm_D2.6mm_P7.50mm_Horizontal,C59461,3
SiP32431DR3,"U14,U21",SOT-363_SC-70-6,C727398,2
1mR,R20,R_0603_1608Metric,C76287,1
MT3608,U12,SOT-23-6,C84817,1
D_Small,D3,D_A-405_P7.62mm_Horizontal,C8598,1
INA219AIDCNR,U20,SOT-23-8,C87469,1
PN2222A,Q1,TO-92_Inline,C896866,1
CH224K,U15,SSOP-10-1EP_3.9x4.9mm_P1mm_EP2.1x3.3mm,C970725,1
