Designator,Val,Package,Mid X,Mid Y,Rotation,Layer
C10,0.01u,C_Axial_L3.8mm_D2.6mm_P7.50mm_Horizontal,126.99,-123.324,90.0,top
C11,0.01u,C_Axial_L3.8mm_D2.6mm_P7.50mm_Horizontal,131.14,-123.324,90.0,top
C12,2.2u,C_Axial_L3.8mm_D2.6mm_P7.50mm_Horizontal,135.29,-123.324,90.0,top
C13,2.2u,C_Axial_L3.8mm_D2.6mm_P7.50mm_Horizontal,139.44,-123.324,90.0,top
C14,0.01u,C_Axial_L3.8mm_D2.6mm_P7.50mm_Horizontal,143.59,-123.324,90.0,top
C15,0.01u,C_Axial_L3.8mm_D2.6mm_P7.50mm_Horizontal,147.74,-123.324,90.0,top
C16,22u,C_Axial_L3.8mm_D2.6mm_P7.50mm_Horizontal,151.89,-123.324,90.0,top
C17,22uF,C_Axial_L3.8mm_D2.6mm_P7.50mm_Horizontal,156.04,-123.324,90.0,top
C18,10u,C_Axial_L3.8mm_D2.6mm_P7.50mm_Horizontal,160.19,-123.324,90.0,top
C19,22u,C_Axial_L3.8mm_D2.6mm_P7.50mm_Horizontal,164.34,-123.324,90.0,top
C20,10u,C_Axial_L3.8mm_D2.6mm_P7.50mm_Horizontal,168.49,-123.324,90.0,top
C21,1u,C_Axial_L3.8mm_D2.6mm_P7.50mm_Horizontal,172.64,-123.324,90.0,top
C22,1u,C_Axial_L3.8mm_D2.6mm_P7.50mm_Horizontal,176.79,-123.324,90.0,top
C23,1u,C_Axial_L3.8mm_D2.6mm_P7.50mm_Horizontal,180.94,-123.324,90.0,top
C24,1u,C_Axial_L3.8mm_D2.6mm_P7.50mm_Horizontal,185.09,-123.324,90.0,top
D2,LED_Small,LED_D1.8mm_W1.8mm_H2.4mm_Horizontal_O1.27mm_Z1.6mm,124.292,-102.694,0.0,top
D3,D_Small,D_A-405_P7.62mm_Horizontal,122.792,-86.379,0.0,top
J3,Conn_02x16_Odd_Even,PinHeader_2x16_P2.54mm_Vertical,155.922,-132.232,90.0,top
J4,Conn_01x02,PinHeader_1x02_P2.54mm_Vertical,182.5,-101.995,0.0,top
J5,USB_C_Receptacle_PowerOnly_6P,USB_C_Receptacle_GCT_USB4125-xx-x_6P_TopMnt_Horizontal,145.659,-92.071,180.0,top
JP1,SolderJumper_2_Open,SolderJumper-2_P1.3mm_Open_Pad1.0x1.5mm,180.0,-87.5,0.0,top
JP2,SolderJumper_2_Open,SolderJumper-2_P1.3mm_Open_Pad1.0x1.5mm,180.0,-91.05,0.0,top
L2,L_Small,L_Axial_L5.3mm_D2.2mm_P2.54mm_Vertical_Vishay_IM-1,155.793,-115.204,0.0,top
Q1,PN2222A,TO-92_Inline,175.6555,-114.142,0.0,top
R10,1k,R_0603_1608Metric,170.209,-86.302,0.0,top
R11,1k,R_0603_1608Metric,170.209,-88.812,0.0,top
R12,2k,R_0603_1608Metric,170.209,-91.322,0.0,top
R13,10k,R_0603_1608Metric,170.209,-93.832,0.0,top
R20,1mR,R_0603_1608Metric,170.209,-96.342,0.0,top
R5,110k,R_0603_1608Metric,166.199,-86.302,0.0,top
R6,15k,R_0603_1608Metric,166.199,-88.812,0.0,top
R7,2k,R_0603_1608Metric,166.199,-91.322,0.0,top
R8,3k,R_0603_1608Metric,166.199,-93.832,0.0,top
R9,1k,R_0603_1608Metric,166.199,-96.342,0.0,top
U10,DRV8833PWR,TSSOP-16_4.4x5mm_P0.65mm,133.606,-87.263,0.0,top
U11,DRV8833PWR,TSSOP-16_4.4x5mm_P0.65mm,133.606,-93.853,0.0,top
U12,MT3608,SOT-23-6,182.735,-112.6,90.0,top
U13,AP2112K-3.3,SO-8_AP2112M,123.292,-95.384,0.0,top
U14,SiP32431DR3,SOT-363_SC-70-6,146.084,-112.521,0.0,top
U15,CH224K,SSOP-10-1EP_3.9x4.9mm_P1mm_EP2.1x3.3mm,165.9255,-114.642,0.0,top
U20,INA219AIDCNR,SOT-23-8,169.5025,-101.685,0.0,top
U21,SiP32431DR3,SOT-363_SC-70-6,146.084,-116.446,0.0,top
U40,TP4056-42-ESOP8,SOIC-8-1EP_3.9x4.9mm_P1.27mm_EP2.41x3.3mm_ThermalVias,124.092,-112.679,0.0,top
