Comment,Designator,Footprint,LCSC,Quantity
L_Small,"L3,L4",L_Axial_L5.3mm_D2.2mm_P2.54mm_Vertical_Vishay_IM-1,C1035,2
1u,"C36,C37,C38,C39",C_Axial_L3.8mm_D2.6mm_P7.50mm_Horizontal,C15849,4
TP4056-42-ESOP8,U41,SOIC-8-1EP_3.9x4.9mm_P1.27mm_EP2.41x3.3mm_ThermalVias,C16581,1
1k,"R14,R17,R22",R_0603_1608Metric,C21190,3
15k,"R16,R25",R_0603_1608Metric,C22809,2
D_Small,"D5,D6",D_A-405_P7.62mm_Horizontal,C2286,2
LED_Small,D4,LED_D1.8mm_W1.8mm_H2.4mm_Horizontal_O1.27mm_Z1.6mm,C2290,1
2k,"R18,R23",R_0603_1608Metric,C22975,2
2.2u,"C27,C28",C_Axial_L3.8mm_D2.6mm_P7.50mm_Horizontal,C23630,2
110k,"R15,R20",R_0603_1608Metric,C25803,2
10k,R24,R_0603_1608Metric,C25804,1
SS-12D06L5,U1,SW-TH_K3-1391B-51,C319015,1
3k,R19,R_0603_1608Metric,C4211,1
AP2112K-3.3,U19,SO-8_AP2112M,C51118,1
DRV8833PWR,"U16,U17",TSSOP-16_4.4x5mm_P0.65mm,C544801,2
0.01u,"C25,C26,C29,C30",C_Axial_L3.8mm_D2.6mm_P7.50mm_Horizontal,C57112,4
22u,"C31,C32,C34,C40,C41",C_Axial_L3.8mm_D2.6mm_P7.50mm_Horizontal,C59461,5
SiP32431DR3,"U23,U25",SOT-363_SC-70-6,C727398,2
1mR,R21,R_0603_1608Metric,C76287,1
MT3608,"U18,U20",SOT-23-6,C84817,2
INA219AIDCNR,U22,SOT-23-8,C87469,1
PN2222A,Q2,TO-92_Inline,C896866,1
10u,"C33,C35",C_Axial_L3.8mm_D2.6mm_P7.50mm_Horizontal,C96446,2
CH224K,U24,SSOP-10-1EP_3.9x4.9mm_P1mm_EP2.1x3.3mm,C970725,1
Jumper_2_Open,JP5,SolderJumper-2_P1.3mm_Open_RoundedPad1.0x1.5mm,,1
TestPoint,TP2,TestPoint_Plated_Hole_D2.0mm,,1
Jumper_2_Open,JP1,SolderJumper-2_P1.3mm_Open_RoundedPad1.0x1.5mm,,1
TestPoint,TP3,TestPoint_Plated_Hole_D2.0mm,,1
SolderJumper_2_Open,JP4,SolderJumper-2_P1.3mm_Open_Pad1.0x1.5mm,,1
TestPoint,TP6,TestPoint_Plated_Hole_D2.0mm,,1
TestPoint,TP4,TestPoint_Plated_Hole_D2.0mm,,1
Jumper_2_Open,JP6,SolderJumper-2_P1.3mm_Open_RoundedPad1.0x1.5mm,,1
SolderJumper_2_Open,JP3,SolderJumper-2_P1.3mm_Open_Pad1.0x1.5mm,,1
Jumper_2_Open,JP2,SolderJumper-2_P1.3mm_Open_RoundedPad1.0x1.5mm,,1
TestPoint,TP1,TestPoint_Plated_Hole_D2.0mm,,1
USB_C_Receptacle_PowerOnly_6P,J8,USB_C_Receptacle_GCT_USB4125-xx-x_6P_TopMnt_Horizontal,,1
TestPoint,TP5,TestPoint_Plated_Hole_D2.0mm,,1
