Designator,Val,Package,Mid X,Mid Y,Rotation,Layer
C25,0.01u,C_Axial_L3.8mm_D2.6mm_P7.50mm_Horizontal,123.41,-123.681,90.0,top
C26,0.01u,C_Axial_L3.8mm_D2.6mm_P7.50mm_Horizontal,127.56,-123.681,90.0,top
C27,2.2u,C_Axial_L3.8mm_D2.6mm_P7.50mm_Horizontal,131.71,-123.681,90.0,top
C28,2.2u,C_Axial_L3.8mm_D2.6mm_P7.50mm_Horizontal,135.86,-123.681,90.0,top
C29,0.01u,C_Axial_L3.8mm_D2.6mm_P7.50mm_Horizontal,140.01,-123.681,90.0,top
C30,0.01u,C_Axial_L3.8mm_D2.6mm_P7.50mm_Horizontal,144.16,-123.681,90.0,top
C31,22u,C_Axial_L3.8mm_D2.6mm_P7.50mm_Horizontal,148.31,-123.681,90.0,top
C32,22uF,C_Axial_L3.8mm_D2.6mm_P7.50mm_Horizontal,152.46,-123.681,90.0,top
C33,10u,C_Axial_L3.8mm_D2.6mm_P7.50mm_Horizontal,156.61,-123.681,90.0,top
C34,22u,C_Axial_L3.8mm_D2.6mm_P7.50mm_Horizontal,160.76,-123.681,90.0,top
C35,10u,C_Axial_L3.8mm_D2.6mm_P7.50mm_Horizontal,164.91,-123.681,90.0,top
C36,1u,C_Axial_L3.8mm_D2.6mm_P7.50mm_Horizontal,169.06,-123.681,90.0,top
C37,1u,C_Axial_L3.8mm_D2.6mm_P7.50mm_Horizontal,173.21,-123.681,90.0,top
C38,1u,C_Axial_L3.8mm_D2.6mm_P7.50mm_Horizontal,177.36,-123.681,90.0,top
C39,1u,C_Axial_L3.8mm_D2.6mm_P7.50mm_Horizontal,181.51,-123.681,90.0,top
C40,22u,C_Axial_L3.8mm_D2.6mm_P7.50mm_Horizontal,183.4875,-103.604,0.0,top
C41,22u,C_Axial_L3.8mm_D2.6mm_P7.50mm_Horizontal,183.4875,-107.754,0.0,top
D4,LED_Small,LED_D1.8mm_W1.8mm_H2.4mm_Horizontal_O1.27mm_Z1.6mm,138.543,-103.163,0.0,top
D5,D_Small,D_A-405_P7.62mm_Horizontal,154.94,-115.062,0.0,top
D6,D_Small,D_A-405_P7.62mm_Horizontal,183.6475,-99.404,0.0,top
J6,Conn_02x16_Odd_Even,PinHeader_2x16_P2.54mm_Vertical,155.883,-132.131,90.0,top
J7,Conn_01x02,PinHeader_1x02_P2.54mm_Vertical,119.38,-107.188,0.0,top
J8,USB_C_Receptacle_PowerOnly_6P,USB_C_Receptacle_GCT_USB4125-xx-x_6P_TopMnt_Horizontal,141.984,-89.965,180.0,top
L3,L_Small,L_Axial_L5.3mm_D2.2mm_P2.54mm_Vertical_Vishay_IM-1,188.603,-126.214,0.0,top
L4,L_Small,L_Axial_L5.3mm_D2.2mm_P2.54mm_Vertical_Vishay_IM-1,191.9575,-103.404,0.0,top
Q2,PN2222A,TO-92_Inline,168.656,-107.188,0.0,top
R14,1k,R_0603_1608Metric,128.235,-103.821,0.0,top
R15,110k,R_0603_1608Metric,128.235,-106.331,0.0,top
R16,15k,R_0603_1608Metric,128.235,-108.841,0.0,top
R17,1k,R_0603_1608Metric,128.235,-111.351,0.0,top
R18,2k,R_0603_1608Metric,128.235,-113.861,0.0,top
R19,3k,R_0603_1608Metric,132.245,-103.821,0.0,top
R20,110k,R_0603_1608Metric,193.485,-92.456,0.0,top
R21,1mR,R_0603_1608Metric,132.245,-106.331,0.0,top
R22,1k,R_0603_1608Metric,132.245,-108.841,0.0,top
R23,2k,R_0603_1608Metric,132.245,-111.351,0.0,top
R24,10k,R_0603_1608Metric,132.245,-113.861,0.0,top
R25,15k,R_0603_1608Metric,192.595,-98.044,0.0,top
U1,SS-12D06L5,SW-TH_K3-1391B-51,166.878,-94.5325,180.0,top
U16,DRV8833PWR,TSSOP-16_4.4x5mm_P0.65mm,121.4165,-87.375,0.0,top
U17,DRV8833PWR,TSSOP-16_4.4x5mm_P0.65mm,121.4165,-93.965,0.0,top
U18,MT3608,SOT-23-6,166.4915,-113.98,0.0,top
U19,AP2112K-3.3,SO-8_AP2112M,189.577,-114.815,0.0,top
U20,MT3608,SOT-23-6,191.3875,-107.679,0.0,top
U22,INA219AIDCNR,SOT-23-8,188.033,-122.114,0.0,top
U23,SiP32431DR3,SOT-363_SC-70-6,146.394,-103.218,0.0,top
U24,CH224K,SSOP-10-1EP_3.9x4.9mm_P1mm_EP2.1x3.3mm,130.4185,-87.898,0.0,top
U25,SiP32431DR3,SOT-363_SC-70-6,146.394,-107.143,0.0,top
U41,TP4056-42-ESOP8,SOIC-8-1EP_3.9x4.9mm_P1.27mm_EP2.41x3.3mm_ThermalVias,131.218,-96.21,0.0,top
