Designator,Val,Package,Mid X,Mid Y,Rotation,Layer
C1,2.2u,C_0603_1608Metric_Pad1.08x0.95mm_HandSolder,162.093,-143.7815,-90.0,top
C10,22u,C_0603_1608Metric_Pad1.08x0.95mm_HandSolder,123.9275,-113.369,180.0,top
C11,1u,C_0603_1608Metric_Pad1.08x0.95mm_HandSolder,105.3565,-130.478,0.0,top
C12,1u,C_0603_1608Metric_Pad1.08x0.95mm_HandSolder,143.01,-130.949,180.0,top
C13,22u,C_0603_1608Metric_Pad1.08x0.95mm_HandSolder,138.499,-114.0025,90.0,top
C14,22u,C_0603_1608Metric_Pad1.08x0.95mm_HandSolder,111.772,-136.045,90.0,top
C15,1u,C_0603_1608Metric_Pad1.08x0.95mm_HandSolder,160.8765,-113.46,0.0,top
C16,0.22u,C_0603_1608Metric_Pad1.08x0.95mm_HandSolder,102.3565,-111.822,180.0,top
C17,0.1u,C_0603_1608Metric_Pad1.08x0.95mm_HandSolder,111.929,-113.084,0.0,top
C18,10u,C_0603_1608Metric_Pad1.08x0.95mm_HandSolder,127.838,-108.8545,90.0,top
C19,10u,C_0603_1608Metric_Pad1.08x0.95mm_HandSolder,139.772,-106.4715,-90.0,top
C2,0.01u,C_0603_1608Metric_Pad1.08x0.95mm_HandSolder,161.913,-138.7035,-90.0,top
C22,10u,C_0603_1608Metric_Pad1.08x0.95mm_HandSolder,161.624,-133.324,90.0,top
C23,10u,C_0603_1608Metric_Pad1.08x0.95mm_HandSolder,131.8585,-130.597,180.0,top
C24,0.1u,C_0603_1608Metric_Pad1.08x0.95mm_HandSolder,124.3175,-130.597,180.0,top
C3,10u,C_0603_1608Metric_Pad1.08x0.95mm_HandSolder,166.28,-143.1375,-90.0,top
C4,0.01u,C_0603_1608Metric_Pad1.08x0.95mm_HandSolder,166.28,-133.4245,-90.0,top
C6,2.2u,C_0603_1608Metric_Pad1.08x0.95mm_HandSolder,166.374,-138.4995,-90.0,top
C7,1u,C_0603_1608Metric_Pad1.08x0.95mm_HandSolder,110.7705,-147.587,180.0,top
C8,0.1u,C_0603_1608Metric_Pad1.08x0.95mm_HandSolder,103.675,-143.766,-90.0,top
C9,1u,C_0603_1608Metric_Pad1.08x0.95mm_HandSolder,123.122,-118.6365,-90.0,top
D3,LED,LED_0603_1608Metric_Pad1.05x0.95mm_HandSolder,140.134,-99.24,0.0,top
J1,TYPE-C-31-M-12,HRO_TYPE-C-31-M-12,173.669,-119.48,90.0,top
L1,10u,L_0603_1608Metric_Pad1.05x0.95mm_HandSolder,106.314,-140.392,180.0,top
R1,100m,R_1206_3216Metric_Pad1.30x1.75mm_HandSolder,157.304,-142.961,-90.0,top
R10,2k,R_0603_1608Metric_Pad0.98x0.95mm_HandSolder,153.5615,-103.112,0.0,top
R11,3k,R_0603_1608Metric_Pad0.98x0.95mm_HandSolder,153.424,-99.165,0.0,top
R12,1k,R_0603_1608Metric_Pad0.98x0.95mm_HandSolder,128.715,-99.5345,-90.0,top
R13,1k,R_0603_1608Metric_Pad0.98x0.95mm_HandSolder,121.552,-106.2075,-90.0,top
R15,100m,R_1206_3216Metric_Pad1.30x1.75mm_HandSolder,155.684,-135.862,-90.0,top
R16,100m,R_1206_3216Metric_Pad1.30x1.75mm_HandSolder,174.995,-128.056,180.0,top
R2,100m,R_1206_3216Metric_Pad1.30x1.75mm_HandSolder,160.252,-106.871,90.0,top
R20,2m,R_2512_6332Metric_Pad1.40x3.35mm_HandSolder,147.976,-136.758,-90.0,top
R21,15k,R_0603_1608Metric_Pad0.98x0.95mm_HandSolder,127.504,-143.9365,90.0,top
R22,3.3k,R_0603_1608Metric_Pad0.98x0.95mm_HandSolder,142.0365,-143.3,180.0,top
R23,3.3k,R_0603_1608Metric_Pad0.98x0.95mm_HandSolder,136.971,-143.813,180.0,top
R3,100k,R_0603_1608Metric_Pad0.98x0.95mm_HandSolder,153.3,-116.5965,-90.0,top
R4,10k,R_0603_1608Metric_Pad0.98x0.95mm_HandSolder,151.3935,-144.433,180.0,top
R8,10k,R_0603_1608Metric_Pad0.98x0.95mm_HandSolder,169.1465,-127.667,0.0,top
R9,1k,R_0603_1608Metric_Pad0.98x0.95mm_HandSolder,157.94,-118.339,90.0,top
U1,SIP32431DNP3-T1GE4,SON50P120X160X60-5N,108.607,-143.978,0.0,top
U10,INA219AxD,SOIC-8_3.9x4.9mm_P1.27mm,139.616,-137.017,0.0,top
U11,TP4056,ESOP-8_L4.9-W3.9-P1.27-LS6.0-BL-EP,134.65,-103.7141,0.0,top
U12,MMBT5551_C2145,SOT-23-3_L2.9-W1.3-P1.90-LS2.4-BR,154.319,-107.237,0.0,top
U13,SM4007PL,SOD-123F_L2.8-W1.8-LS3.7-RD,117.541,-136.5199,90.0,top
U2,DRV8833PW,TSSOP-16_4.4x5mm_P0.65mm,173.508,-145.589,0.0,top
U4,SS-12D06L5,SW-TH_3P-P4.70_L11.1-W12.7,165.4525,-104.579,90.0,top
U5,AP2112K-3.3,SOT-23-5,105.301,-125.7585,0.0,top
U6,MT3608,SOT-23-6,106.0635,-135.023,0.0,top
U7,DRV8833PW,TSSOP-16_4.4x5mm_P0.65mm,173.855,-135.075,0.0,top
U8,CH224K,ESSOP-10_L4.9-W3.9-P1.0-LS6.0-TL-EP,163.526976,-120.2219,0.0,top
U9,TPS22810DBVR,SOT95P280X145-6N,128.216,-119.726,0.0,top
VR1,LM7805MPX_NOPB,VREG_LM7805MPX_NOPB,106.729,-117.948,0.0,top
